[{"i":"cities_110992","n":"Acalanes Ridge"},{"i":"cities_111001","n":"Acton"},{"i":"cities_111043","n":"Adelanto"},{"i":"cities_111056","n":"Agoura"},{"i":"cities_111057","n":"Agoura Hills"},{"i":"cities_111058","n":"Agua Dulce"},{"i":"cities_111061","n":"Aguanga"},{"i":"cities_111064","n":"Ahwahnee"},{"i":"cities_111088","n":"Alameda"},{"i":"cities_111089","n":"Alameda County"},{"i":"cities_111093","n":"Alamo"},{"i":"cities_111110","n":"Albany"},{"i":"cities_111169","n":"Alhambra"},{"i":"cities_111175","n":"Aliso Viejo"},{"i":"cities_111196","n":"Allendale"},{"i":"cities_111215","n":"Alondra Park"},{"i":"cities_111217","n":"Alpaugh"},{"i":"cities_111223","n":"Alpine"},{"i":"cities_111226","n":"Alpine County"},{"i":"cities_111230","n":"Alta Sierra"},{"i":"cities_111231","n":"Altadena"},{"i":"cities_111251","n":"Alturas"},{"i":"cities_111254","n":"Alum Rock"},{"i":"cities_111261","n":"Amador County"},{"i":"cities_111271","n":"American Canyon"},{"i":"cities_111280","n":"Amesti"},{"i":"cities_111299","n":"Anaheim"},{"i":"cities_111314","n":"Anderson"},{"i":"cities_111337","n":"Angels Camp"},{"i":"cities_111343","n":"Angwin"},{"i":"cities_111364","n":"Antelope"},{"i":"cities_111373","n":"Antioch"},{"i":"cities_111378","n":"Anza"},{"i":"cities_111394","n":"Apple Valley"},{"i":"cities_111403","n":"Aptos"},{"i":"cities_111404","n":"Aptos Hills-Larkin Valley"},{"i":"cities_111416","n":"Arbuckle"},{"i":"cities_111425","n":"Arcadia"},{"i":"cities_111426","n":"Arcata"},{"i":"cities_111440","n":"Arden-Arcade"},{"i":"cities_111477","n":"Armona"},{"i":"cities_111488","n":"Arnold"},{"i":"cities_111491","n":"Aromas"},{"i":"cities_111494","n":"Arroyo Grande"},{"i":"cities_111496","n":"Artesia"},{"i":"cities_111505","n":"Arvin"},{"i":"cities_111538","n":"Ashland"},{"i":"cities_111564","n":"Atascadero"},{"i":"cities_111582","n":"Atherton"},{"i":"cities_111613","n":"Atwater"},{"i":"cities_111617","n":"Auberry"},{"i":"cities_111631","n":"Auburn"},{"i":"cities_111635","n":"Auburn Lake Trails"},{"i":"cities_111644","n":"August"},{"i":"cities_111675","n":"Avalon"},{"i":"cities_111676","n":"Avenal"},{"i":"cities_111683","n":"Avila Beach"},{"i":"cities_111689","n":"Avocado Heights"},{"i":"cities_111713","n":"Azusa"},{"i":"cities_111744","n":"Bakersfield"},{"i":"cities_111763","n":"Baldwin Park"},{"i":"cities_111803","n":"Banning"},{"i":"cities_111857","n":"Barstow"},{"i":"cities_111858","n":"Barstow Heights"},{"i":"cities_111932","n":"Bay Point"},{"i":"cities_111957","n":"Bayside"},{"i":"cities_111959","n":"Bayview"},{"i":"cities_111971","n":"Beale Air Force Base"},{"i":"cities_111979","n":"Bear Valley Springs"},{"i":"cities_111990","n":"Beaumont"},{"i":"cities_112066","n":"Bell"},{"i":"cities_112070","n":"Bell Gardens"},{"i":"cities_112072","n":"Bella Vista"},{"i":"cities_112118","n":"Bellflower"},{"i":"cities_112142","n":"Belmont"},{"i":"cities_112153","n":"Belvedere"},{"i":"cities_112163","n":"Ben Lomond"},{"i":"cities_112168","n":"Benicia"},{"i":"cities_112223","n":"Berkeley"},{"i":"cities_112240","n":"Bermuda Dunes"},{"i":"cities_112253","n":"Berry Creek"},{"i":"cities_112260","n":"Bertsch-Oceanview"},{"i":"cities_112286","n":"Bethel Island"},{"i":"cities_112306","n":"Beverly Hills"},{"i":"cities_112315","n":"Big Bear City"},{"i":"cities_112316","n":"Big Bear Lake"},{"i":"cities_112328","n":"Big Pine"},{"i":"cities_112331","n":"Big River"},{"i":"cities_112340","n":"Biggs"},{"i":"cities_112352","n":"Biola"},{"i":"cities_112364","n":"Bishop"},{"i":"cities_112381","n":"Black Point-Green Point"},{"i":"cities_112387","n":"Blackhawk"},{"i":"cities_112453","n":"Bloomington"},{"i":"cities_112470","n":"Blue Lake"},{"i":"cities_112485","n":"Blythe"},{"i":"cities_112495","n":"Bodega Bay"},{"i":"cities_112496","n":"Bodfish"},{"i":"cities_112514","n":"Bolinas"},{"i":"cities_112529","n":"Bonadelle Ranchos-Madera Ranchos"},{"i":"cities_112537","n":"Bonita"},{"i":"cities_112548","n":"Bonny Doon"},{"i":"cities_112550","n":"Bonsall"},{"i":"cities_112571","n":"Boonville"},{"i":"cities_112578","n":"Boron"},{"i":"cities_112579","n":"Boronda"},{"i":"cities_112581","n":"Borrego Springs"},{"i":"cities_112591","n":"Bostonia"},{"i":"cities_112604","n":"Boulder Creek"},{"i":"cities_112646","n":"Boyes Hot Springs"},{"i":"cities_112649","n":"Boyle Heights"},{"i":"cities_112658","n":"Bradbury"},{"i":"cities_112700","n":"Brawley"},{"i":"cities_112707","n":"Brea"},{"i":"cities_112733","n":"Brentwood"},{"i":"cities_112736","n":"Bret Harte"},{"i":"cities_112765","n":"Bridgeport"},{"i":"cities_112800","n":"Brisbane"},{"i":"cities_112825","n":"Broadmoor"},{"i":"cities_112851","n":"Brookdale"},{"i":"cities_112893","n":"Brooktrails"},{"i":"cities_112983","n":"Buckhorn"},{"i":"cities_112997","n":"Buellton"},{"i":"cities_112999","n":"Buena Park"},{"i":"cities_113003","n":"Buena Vista"},{"i":"cities_113047","n":"Burbank"},{"i":"cities_113065","n":"Burlingame"},{"i":"cities_113082","n":"Burney"},{"i":"cities_113125","n":"Butte County"},{"i":"cities_113129","n":"Buttonwillow"},{"i":"cities_113146","n":"Byron"},{"i":"cities_113148","n":"Bystrom"},{"i":"cities_113150","n":"Cabazon"},{"i":"cities_113173","n":"Calabasas"},{"i":"cities_113176","n":"Calaveras County"},{"i":"cities_113196","n":"Calexico"},{"i":"cities_113218","n":"California City"},{"i":"cities_113219","n":"Calimesa"},{"i":"cities_113220","n":"Calipatria"},{"i":"cities_113221","n":"Calistoga"},{"i":"cities_113226","n":"Callender"},{"i":"cities_113242","n":"Camarillo"},{"i":"cities_113246","n":"Cambria"},{"i":"cities_113249","n":"Cambrian Park"},{"i":"cities_113281","n":"Cameron Park"},{"i":"cities_113285","n":"Camino"},{"i":"cities_113289","n":"Camp Meeker"},{"i":"cities_113290","n":"Camp Pendleton North"},{"i":"cities_113291","n":"Camp Pendleton South"},{"i":"cities_113298","n":"Campbell"},{"i":"cities_113308","n":"Campo"},{"i":"cities_113335","n":"Canoga Park"},{"i":"cities_113359","n":"Canyon Lake"},{"i":"cities_113376","n":"Capitola"},{"i":"cities_113408","n":"Carlsbad"},{"i":"cities_113420","n":"Carmel Valley Village"},{"i":"cities_113421","n":"Carmel-by-the-Sea"},{"i":"cities_113423","n":"Carmichael"},{"i":"cities_113440","n":"Carpinteria"},{"i":"cities_113474","n":"Carson"},{"i":"cities_113498","n":"Caruthers"},{"i":"cities_113509","n":"Casa Conejo"},{"i":"cities_113511","n":"Casa de Oro-Mount Helix"},{"i":"cities_113540","n":"Castaic"},{"i":"cities_113557","n":"Castro Valley"},{"i":"cities_113559","n":"Castroville"},{"i":"cities_113570","n":"Cathedral City"},{"i":"cities_113592","n":"Cayucos"},{"i":"cities_113622","n":"Cedar Ridge"},{"i":"cities_113683","n":"Central Valley (historical)"},{"i":"cities_113698","n":"Century City"},{"i":"cities_113700","n":"Ceres"},{"i":"cities_113701","n":"Cerritos"},{"i":"cities_113714","n":"Challenge-Brownsville"},{"i":"cities_113734","n":"Channel Islands Beach"},{"i":"cities_113790","n":"Charter Oak"},{"i":"cities_113807","n":"Chatsworth"},{"i":"cities_113865","n":"Cherry Valley"},{"i":"cities_113867","n":"Cherryland"},{"i":"cities_113892","n":"Chester"},{"i":"cities_113943","n":"Chico"},{"i":"cities_113963","n":"China Lake Acres"},{"i":"cities_113964","n":"Chinatown"},{"i":"cities_113968","n":"Chino"},{"i":"cities_113969","n":"Chino Hills"},{"i":"cities_113993","n":"Chowchilla"},{"i":"cities_114003","n":"Chualar"},{"i":"cities_114005","n":"Chula Vista"},{"i":"cities_114034","n":"Citrus"},{"i":"cities_114037","n":"Citrus Heights"},{"i":"cities_114046","n":"City and County of San Francisco"},{"i":"cities_114106","n":"Claremont"},{"i":"cities_114169","n":"Clay"},{"i":"cities_114203","n":"Clayton"},{"i":"cities_114213","n":"Clear Lake Riviera"},{"i":"cities_114219","n":"Clearlake"},{"i":"cities_114220","n":"Clearlake Oaks"},{"i":"cities_114311","n":"Cloverdale"},{"i":"cities_114315","n":"Clovis"},{"i":"cities_114324","n":"Coachella"},{"i":"cities_114338","n":"Coalinga"},{"i":"cities_114340","n":"Coarsegold"},{"i":"cities_114343","n":"Cobb"},{"i":"cities_114408","n":"Colfax"},{"i":"cities_114425","n":"Collierville"},{"i":"cities_114440","n":"Colma"},{"i":"cities_114463","n":"Colton"},{"i":"cities_114474","n":"Columbia"},{"i":"cities_114504","n":"Colusa"},{"i":"cities_114505","n":"Colusa County"},{"i":"cities_114525","n":"Commerce"},{"i":"cities_114529","n":"Compton"},{"i":"cities_114543","n":"Concord"},{"i":"cities_114575","n":"Contra Costa Centre"},{"i":"cities_114576","n":"Contra Costa County"},{"i":"cities_114596","n":"Cool"},{"i":"cities_114622","n":"Copperopolis"},{"i":"cities_114633","n":"Corcoran"},{"i":"cities_114654","n":"Corning"},{"i":"cities_114662","n":"Corona"},{"i":"cities_114664","n":"Coronado"},{"i":"cities_114667","n":"Corralitos"},{"i":"cities_114672","n":"Corte Madera"},{"i":"cities_114686","n":"Costa Mesa"},{"i":"cities_114688","n":"Cotati"},{"i":"cities_114689","n":"Coto De Caza"},{"i":"cities_114702","n":"Cottonwood"},{"i":"cities_114715","n":"Country Club"},{"i":"cities_114731","n":"Covelo"},{"i":"cities_114734","n":"Covina"},{"i":"cities_114796","n":"Crescent City"},{"i":"cities_114802","n":"Crest"},{"i":"cities_114805","n":"Crestline"},{"i":"cities_114830","n":"Crockett"},{"i":"cities_114890","n":"Cudahy"},{"i":"cities_114904","n":"Culver City"},{"i":"cities_114924","n":"Cupertino"},{"i":"cities_114947","n":"Cutler"},{"i":"cities_114951","n":"Cutten"},{"i":"cities_114954","n":"Cypress"},{"i":"cities_115006","n":"Daly City"},{"i":"cities_115012","n":"Dana Point"},{"i":"cities_115038","n":"Danville"},{"i":"cities_115073","n":"Davis"},{"i":"cities_115090","n":"Day Valley"},{"i":"cities_115178","n":"Deer Park"},{"i":"cities_115186","n":"Del Aire"},{"i":"cities_115188","n":"Del Mar"},{"i":"cities_115189","n":"Del Monte Forest"},{"i":"cities_115191","n":"Del Norte County"},{"i":"cities_115192","n":"Del Rey"},{"i":"cities_115193","n":"Del Rey Oaks"},{"i":"cities_115194","n":"Del Rio"},{"i":"cities_115199","n":"Delano"},{"i":"cities_115213","n":"Delhi"},{"i":"cities_115234","n":"Denair"},{"i":"cities_115276","n":"Descanso"},{"i":"cities_115280","n":"Desert Edge"},{"i":"cities_115282","n":"Desert Hot Springs"},{"i":"cities_115283","n":"Desert Shores"},{"i":"cities_115284","n":"Desert View Highlands"},{"i":"cities_115312","n":"Diablo"},{"i":"cities_115314","n":"Diamond Bar"},{"i":"cities_115316","n":"Diamond Springs"},{"i":"cities_115351","n":"Dinuba"},{"i":"cities_115353","n":"Discovery Bay"},{"i":"cities_115367","n":"Dixon"},{"i":"cities_115369","n":"Dixon Lane-Meadow Creek"},{"i":"cities_115385","n":"Dogtown"},{"i":"cities_115390","n":"Dollar Point"},{"i":"cities_115414","n":"Dos Palos"},{"i":"cities_115460","n":"Downey"},{"i":"cities_115461","n":"Downieville"},{"i":"cities_115490","n":"Duarte"},{"i":"cities_115496","n":"Dublin"},{"i":"cities_115551","n":"Dunnigan"},{"i":"cities_115553","n":"Dunsmuir"},{"i":"cities_115573","n":"Durham"},{"i":"cities_115618","n":"Earlimart"},{"i":"cities_115663","n":"East Foothills"},{"i":"cities_115689","n":"East Hemet"},{"i":"cities_115699","n":"East La Mirada"},{"i":"cities_115706","n":"East Los Angeles"},{"i":"cities_115725","n":"East Oakdale"},{"i":"cities_115728","n":"East Palo Alto"},{"i":"cities_115729","n":"East Pasadena"},{"i":"cities_115739","n":"East Porterville"},{"i":"cities_115742","n":"East Quincy"},{"i":"cities_115744","n":"East Rancho Dominguez"},{"i":"cities_115746","n":"East Richmond Heights"},{"i":"cities_115755","n":"East San Gabriel"},{"i":"cities_115759","n":"East Sonora"},{"i":"cities_115791","n":"Easton"},{"i":"cities_115797","n":"Eastvale"},{"i":"cities_115814","n":"Echo Park"},{"i":"cities_115888","n":"Edwards Air Force Base"},{"i":"cities_115911","n":"El Cajon"},{"i":"cities_115914","n":"El Centro"},{"i":"cities_115915","n":"El Cerrito"},{"i":"cities_115916","n":"El Cerrito Corona"},{"i":"cities_115921","n":"El Dorado County"},{"i":"cities_115922","n":"El Dorado Hills"},{"i":"cities_115924","n":"El Granada"},{"i":"cities_115928","n":"El Monte"},{"i":"cities_115936","n":"El Rio"},{"i":"cities_115937","n":"El Segundo"},{"i":"cities_115938","n":"El Sobrante"},{"i":"cities_115940","n":"El Verano"},{"i":"cities_115957","n":"Eldridge"},{"i":"cities_115987","n":"Elk Grove"},{"i":"cities_116003","n":"Elkhorn"},{"i":"cities_116075","n":"Elverta"},{"i":"cities_116090","n":"Emerald Lake Hills"},{"i":"cities_116097","n":"Emeryville"},{"i":"cities_116110","n":"Empire"},{"i":"cities_116118","n":"Encinitas"},{"i":"cities_116119","n":"Encino"},{"i":"cities_116178","n":"Escalon"},{"i":"cities_116184","n":"Escondido"},{"i":"cities_116187","n":"Esparto"},{"i":"cities_116221","n":"Eucalyptus Hills"},{"i":"cities_116235","n":"Eureka"},{"i":"cities_116274","n":"Exeter"},{"i":"cities_116286","n":"Fair Oaks"},{"i":"cities_116292","n":"Fairbanks Ranch"},{"i":"cities_116306","n":"Fairfax"},{"i":"cities_116316","n":"Fairfield"},{"i":"cities_116333","n":"Fairmead"},{"i":"cities_116355","n":"Fairview"},{"i":"cities_116376","n":"Fallbrook"},{"i":"cities_116407","n":"Farmersville"},{"i":"cities_116471","n":"Felton"},{"i":"cities_116489","n":"Ferndale"},{"i":"cities_116503","n":"Fetters Hot Springs-Agua Caliente"},{"i":"cities_116508","n":"Fillmore"},{"i":"cities_116520","n":"Firebaugh"},{"i":"cities_116589","n":"Florence-Graham"},{"i":"cities_116595","n":"Florin"},{"i":"cities_116626","n":"Folsom"},{"i":"cities_116631","n":"Fontana"},{"i":"cities_116632","n":"Foothill Farms"},{"i":"cities_116633","n":"Foothill Ranch"},{"i":"cities_116635","n":"Ford City"},{"i":"cities_116662","n":"Forest Meadows"},{"i":"cities_116667","n":"Forest Ranch"},{"i":"cities_116671","n":"Foresthill"},{"i":"cities_116673","n":"Forestville"},{"i":"cities_116695","n":"Fort Bragg"},{"i":"cities_116719","n":"Fort Irwin"},{"i":"cities_116767","n":"Fortuna"},{"i":"cities_116776","n":"Foster City"},{"i":"cities_116784","n":"Fountain Valley"},{"i":"cities_116797","n":"Fowler"},{"i":"cities_116883","n":"Frazier Park"},{"i":"cities_116903","n":"Freedom"},{"i":"cities_116924","n":"Fremont"},{"i":"cities_116929","n":"French Camp"},{"i":"cities_116939","n":"Fresno"},{"i":"cities_116940","n":"Fresno County"},{"i":"cities_116975","n":"Fruitridge Pocket"},{"i":"cities_116983","n":"Fullerton"},{"i":"cities_117040","n":"Galt"},{"i":"cities_117053","n":"Garden Acres"},{"i":"cities_117065","n":"Garden Grove"},{"i":"cities_117069","n":"Gardena"},{"i":"cities_117094","n":"Garnet"},{"i":"cities_117165","n":"Georgetown"},{"i":"cities_117169","n":"Gerber"},{"i":"cities_117225","n":"Gilroy"},{"i":"cities_117261","n":"Glen Avon"},{"i":"cities_117286","n":"Glendale"},{"i":"cities_117291","n":"Glendora"},{"i":"cities_117296","n":"Glenn County"},{"i":"cities_117345","n":"Gold River"},{"i":"cities_117351","n":"Golden Hills"},{"i":"cities_117367","n":"Goleta"},{"i":"cities_117372","n":"Gonzales"},{"i":"cities_117378","n":"Good Hope"},{"i":"cities_117410","n":"Goshen"},{"i":"cities_117476","n":"Grand Terrace"},{"i":"cities_117493","n":"Granite Bay"},{"i":"cities_117499","n":"Granite Hills"},{"i":"cities_117543","n":"Grass Valley"},{"i":"cities_117545","n":"Graton"},{"i":"cities_117590","n":"Green Acres"},{"i":"cities_117611","n":"Green Valley"},{"i":"cities_117613","n":"Greenacres"},{"i":"cities_117654","n":"Greenfield"},{"i":"cities_117696","n":"Greenville"},{"i":"cities_117730","n":"Gridley"},{"i":"cities_117760","n":"Grover Beach"},{"i":"cities_117777","n":"Guadalupe"},{"i":"cities_117780","n":"Guerneville"},{"i":"cities_117810","n":"Gustine"},{"i":"cities_117825","n":"Hacienda Heights"},{"i":"cities_117856","n":"Half Moon Bay"},{"i":"cities_117895","n":"Hamilton City"},{"i":"cities_117960","n":"Hanford"},{"i":"cities_117982","n":"Happy Camp"},{"i":"cities_117986","n":"Harbison Canyon"},{"i":"cities_118099","n":"Hartley"},{"i":"cities_118160","n":"Hawaiian Gardens"},{"i":"cities_118175","n":"Hawthorne"},{"i":"cities_118186","n":"Hayfork"},{"i":"cities_118197","n":"Hayward"},{"i":"cities_118217","n":"Healdsburg"},{"i":"cities_118228","n":"Heber"},{"i":"cities_118264","n":"Hemet"},{"i":"cities_118311","n":"Herald"},{"i":"cities_118314","n":"Hercules"},{"i":"cities_118331","n":"Hermosa Beach"},{"i":"cities_118344","n":"Hesperia"},{"i":"cities_118376","n":"Hidden Hills"},{"i":"cities_118377","n":"Hidden Meadows"},{"i":"cities_118380","n":"Hidden Valley Lake"},{"i":"cities_118391","n":"Highgrove"},{"i":"cities_118398","n":"Highland"},{"i":"cities_118421","n":"Highlands-Baywood Park"},{"i":"cities_118455","n":"Hillsborough"},{"i":"cities_118471","n":"Hilmar-Irwin"},{"i":"cities_118552","n":"Hollister"},{"i":"cities_118567","n":"Hollywood"},{"i":"cities_118582","n":"Holtville"},{"i":"cities_118586","n":"Home Garden"},{"i":"cities_118587","n":"Home Gardens"},{"i":"cities_118590","n":"Homeland"},{"i":"cities_118764","n":"Hughson"},{"i":"cities_118779","n":"Humboldt County"},{"i":"cities_118781","n":"Humboldt Hill"},{"i":"cities_118805","n":"Huntington Beach"},{"i":"cities_118807","n":"Huntington Park"},{"i":"cities_118825","n":"Huron"},{"i":"cities_118855","n":"Hydesville"},{"i":"cities_118874","n":"Idyllwild"},{"i":"cities_118875","n":"Idyllwild-Pine Cove"},{"i":"cities_118883","n":"Imperial"},{"i":"cities_118885","n":"Imperial Beach"},{"i":"cities_118886","n":"Imperial County"},{"i":"cities_118921","n":"Indian Wells"},{"i":"cities_118929","n":"Indio"},{"i":"cities_118937","n":"Inglewood"},{"i":"cities_118951","n":"Interlaken"},{"i":"cities_118957","n":"Inverness"},{"i":"cities_118964","n":"Inyo County"},{"i":"cities_118965","n":"Inyokern"},{"i":"cities_118970","n":"Ione"},{"i":"cities_119004","n":"Irvine"},{"i":"cities_119014","n":"Irwindale"},{"i":"cities_119021","n":"Isla Vista"},{"i":"cities_119049","n":"Ivanhoe"},{"i":"cities_119073","n":"Jackson"},{"i":"cities_119126","n":"Jamestown"},{"i":"cities_119128","n":"Jamul"},{"i":"cities_119132","n":"Janesville"},{"i":"cities_119283","n":"Johnstonville"},{"i":"cities_119323","n":"Joshua Tree"},{"i":"cities_119330","n":"Julian"},{"i":"cities_119343","n":"Jurupa Valley"},{"i":"cities_119431","n":"Kelseyville"},{"i":"cities_119469","n":"Kennedy"},{"i":"cities_119484","n":"Kensington"},{"i":"cities_119495","n":"Kentfield"},{"i":"cities_119505","n":"Kenwood"},{"i":"cities_119512","n":"Kerman"},{"i":"cities_119514","n":"Kern County"},{"i":"cities_119516","n":"Kernville"},{"i":"cities_119528","n":"Kettleman City"},{"i":"cities_119543","n":"Keyes"},{"i":"cities_119579","n":"King City"},{"i":"cities_119598","n":"Kings Beach"},{"i":"cities_119600","n":"Kings County"},{"i":"cities_119609","n":"Kingsburg"},{"i":"cities_119675","n":"Knightsen"},{"i":"cities_119708","n":"Koreatown"},{"i":"cities_119736","n":"La Cañada Flintridge"},{"i":"cities_119742","n":"La Crescenta-Montrose"},{"i":"cities_119755","n":"La Habra"},{"i":"cities_119756","n":"La Habra Heights"},{"i":"cities_119760","n":"La Jolla"},{"i":"cities_119765","n":"La Mesa"},{"i":"cities_119767","n":"La Mirada"},{"i":"cities_119769","n":"La Palma"},{"i":"cities_119779","n":"La Presa"},{"i":"cities_119782","n":"La Puente"},{"i":"cities_119783","n":"La Quinta"},{"i":"cities_119784","n":"La Riviera"},{"i":"cities_119789","n":"La Selva Beach"},{"i":"cities_119793","n":"La Verne"},{"i":"cities_119823","n":"Ladera"},{"i":"cities_119824","n":"Ladera Heights"},{"i":"cities_119825","n":"Ladera Ranch"},{"i":"cities_119835","n":"Lafayette"},{"i":"cities_119849","n":"Laguna"},{"i":"cities_119852","n":"Laguna Beach"},{"i":"cities_119854","n":"Laguna Hills"},{"i":"cities_119855","n":"Laguna Niguel"},{"i":"cities_119858","n":"Laguna Woods"},{"i":"cities_119859","n":"Lagunitas-Forest Knolls"},{"i":"cities_119866","n":"Lake Arrowhead"},{"i":"cities_119896","n":"Lake County"},{"i":"cities_119906","n":"Lake Elsinore"},{"i":"cities_119911","n":"Lake Forest"},{"i":"cities_119923","n":"Lake Isabella"},{"i":"cities_119931","n":"Lake Los Angeles"},{"i":"cities_119950","n":"Lake Nacimiento"},{"i":"cities_120005","n":"Lake of the Pines"},{"i":"cities_119973","n":"Lake San Marcos"},{"i":"cities_119993","n":"Lake Wildwood"},{"i":"cities_120020","n":"Lakeland Village"},{"i":"cities_120023","n":"Lakeport"},{"i":"cities_120032","n":"Lakeside"},{"i":"cities_120040","n":"Lakeview"},{"i":"cities_120051","n":"Lakewood"},{"i":"cities_120074","n":"Lamont"},{"i":"cities_120089","n":"Lancaster"},{"i":"cities_120147","n":"Larkfield-Wikiup"},{"i":"cities_120148","n":"Larkspur"},{"i":"cities_120156","n":"Las Flores"},{"i":"cities_120158","n":"Las Lomas"},{"i":"cities_120166","n":"Lassen County"},{"i":"cities_120170","n":"Lathrop"},{"i":"cities_120174","n":"Laton"},{"i":"cities_120222","n":"Lawndale"},{"i":"cities_120255","n":"Laytonville"},{"i":"cities_120260","n":"Le Grand"},{"i":"cities_120298","n":"Lebec"},{"i":"cities_120359","n":"Lemon Grove"},{"i":"cities_120362","n":"Lemoore"},{"i":"cities_120363","n":"Lemoore Station"},{"i":"cities_120371","n":"Lennox"},{"i":"cities_120378","n":"Lenwood"},{"i":"cities_120387","n":"Leona Valley"},{"i":"cities_120427","n":"Lewiston"},{"i":"cities_120454","n":"Lexington Hills"},{"i":"cities_120509","n":"Lincoln"},{"i":"cities_120547","n":"Lincoln Village"},{"i":"cities_120557","n":"Linda"},{"i":"cities_120566","n":"Linden"},{"i":"cities_120574","n":"Lindsay"},{"i":"cities_120633","n":"Littlerock"},{"i":"cities_120640","n":"Live Oak"},{"i":"cities_120644","n":"Livermore"},{"i":"cities_120652","n":"Livingston"},{"i":"cities_120675","n":"Lockeford"},{"i":"cities_120691","n":"Lodi"},{"i":"cities_120712","n":"Loma Linda"},{"i":"cities_120713","n":"Loma Rica"},{"i":"cities_120716","n":"Lomita"},{"i":"cities_120717","n":"Lompico"},{"i":"cities_120718","n":"Lompoc"},{"i":"cities_120722","n":"London"},{"i":"cities_120729","n":"Lone Pine"},{"i":"cities_120738","n":"Long Beach"},{"i":"cities_120767","n":"Loomis"},{"i":"cities_120778","n":"Los Alamitos"},{"i":"cities_120779","n":"Los Alamos"},{"i":"cities_120782","n":"Los Altos"},{"i":"cities_120783","n":"Los Altos Hills"},{"i":"cities_120784","n":"Los Angeles"},{"i":"cities_120785","n":"Los Angeles County"},{"i":"cities_120786","n":"Los Banos"},{"i":"cities_120789","n":"Los Gatos"},{"i":"cities_120792","n":"Los Molinos"},{"i":"cities_120793","n":"Los Olivos"},{"i":"cities_120794","n":"Los Osos"},{"i":"cities_120796","n":"Los Serranos"},{"i":"cities_120798","n":"Lost Hills"},{"i":"cities_120842","n":"Lower Lake"},{"i":"cities_120855","n":"Loyola"},{"i":"cities_120862","n":"Lucas Valley-Marinwood"},{"i":"cities_120865","n":"Lucerne"},{"i":"cities_120866","n":"Lucerne Valley"},{"i":"cities_120934","n":"Lynwood"},{"i":"cities_120980","n":"Madera"},{"i":"cities_120981","n":"Madera Acres"},{"i":"cities_120982","n":"Madera County"},{"i":"cities_121031","n":"Magalia"},{"i":"cities_121062","n":"Malibu"},{"i":"cities_121077","n":"Mammoth Lakes"},{"i":"cities_121117","n":"Manhattan Beach"},{"i":"cities_121154","n":"Manteca"},{"i":"cities_121196","n":"March Air Force Base"},{"i":"cities_121212","n":"Maricopa"},{"i":"cities_121221","n":"Marin City"},{"i":"cities_121222","n":"Marin County"},{"i":"cities_121223","n":"Marina"},{"i":"cities_121224","n":"Marina del Rey"},{"i":"cities_121264","n":"Mariposa"},{"i":"cities_121265","n":"Mariposa County"},{"i":"cities_121345","n":"Martinez"},{"i":"cities_121360","n":"Marysville"},{"i":"cities_121401","n":"Matheny"},{"i":"cities_121430","n":"Maxwell"},{"i":"cities_121439","n":"Mayflower Village"},{"i":"cities_121459","n":"Maywood"},{"i":"cities_121471","n":"McCloud"},{"i":"cities_121500","n":"McFarland"},{"i":"cities_121524","n":"McKinleyville"},{"i":"cities_121554","n":"Mead Valley"},{"i":"cities_121563","n":"Meadow Vista"},{"i":"cities_121567","n":"Meadowbrook"},{"i":"cities_121578","n":"Mecca"},{"i":"cities_121619","n":"Meiners Oaks"},{"i":"cities_121652","n":"Mendocino County"},{"i":"cities_121657","n":"Mendota"},{"i":"cities_121659","n":"Menifee"},{"i":"cities_121661","n":"Menlo Park"},{"i":"cities_121667","n":"Mentone"},{"i":"cities_121671","n":"Merced"},{"i":"cities_121672","n":"Merced County"},{"i":"cities_121722","n":"Mesa Verde"},{"i":"cities_121794","n":"Middletown"},{"i":"cities_121809","n":"Midpines"},{"i":"cities_121821","n":"Midway City"},{"i":"cities_121868","n":"Mill Valley"},{"i":"cities_121871","n":"Millbrae"},{"i":"cities_121909","n":"Milpitas"},{"i":"cities_121949","n":"Minkler"},{"i":"cities_121971","n":"Mira Mesa"},{"i":"cities_121972","n":"Mira Monte"},{"i":"cities_121984","n":"Mission Canyon"},{"i":"cities_121985","n":"Mission District"},{"i":"cities_121987","n":"Mission Hills"},{"i":"cities_121988","n":"Mission Viejo"},{"i":"cities_122014","n":"Modesto"},{"i":"cities_122015","n":"Modoc County"},{"i":"cities_122023","n":"Mojave"},{"i":"cities_122048","n":"Mono County"},{"i":"cities_122049","n":"Mono Vista"},{"i":"cities_122088","n":"Monrovia"},{"i":"cities_122098","n":"Montague"},{"i":"cities_122100","n":"Montalvin"},{"i":"cities_122102","n":"Montara"},{"i":"cities_122107","n":"Montclair"},{"i":"cities_122109","n":"Monte Rio"},{"i":"cities_122110","n":"Monte Sereno"},{"i":"cities_122114","n":"Montebello"},{"i":"cities_122115","n":"Montecito"},{"i":"cities_122120","n":"Monterey"},{"i":"cities_122121","n":"Monterey County"},{"i":"cities_122122","n":"Monterey Park"},{"i":"cities_122193","n":"Monument Hills"},{"i":"cities_122213","n":"Moorpark"},{"i":"cities_122221","n":"Morada"},{"i":"cities_122222","n":"Moraga"},{"i":"cities_122231","n":"Moreno Valley"},{"i":"cities_122246","n":"Morgan Hill"},{"i":"cities_122261","n":"Morongo Valley"},{"i":"cities_122288","n":"Morro Bay"},{"i":"cities_122307","n":"Moss Beach"},{"i":"cities_122347","n":"Mount Hermon"},{"i":"cities_122388","n":"Mount Shasta"},{"i":"cities_122418","n":"Mountain House"},{"i":"cities_122425","n":"Mountain Ranch"},{"i":"cities_122431","n":"Mountain View"},{"i":"cities_122434","n":"Mountain View Acres"},{"i":"cities_122488","n":"Murphys"},{"i":"cities_122498","n":"Murrieta"},{"i":"cities_122499","n":"Murrieta Hot Springs"},{"i":"cities_122506","n":"Muscoy"},{"i":"cities_122525","n":"Myrtletown"},{"i":"cities_122546","n":"Napa"},{"i":"cities_122547","n":"Napa County"},{"i":"cities_122591","n":"National City"},{"i":"cities_122614","n":"Needles"},{"i":"cities_122651","n":"Nevada City"},{"i":"cities_122653","n":"Nevada County"},{"i":"cities_122805","n":"Newark"},{"i":"cities_122821","n":"Newcastle"},{"i":"cities_122834","n":"Newman"},{"i":"cities_122853","n":"Newport Beach"},{"i":"cities_122885","n":"Nice"},{"i":"cities_122899","n":"Niland"},{"i":"cities_122905","n":"Nipomo"},{"i":"cities_122925","n":"Noe Valley"},{"i":"cities_122939","n":"Norco"},{"i":"cities_122968","n":"North Auburn"},{"i":"cities_123020","n":"North Edwards"},{"i":"cities_123021","n":"North El Monte"},{"i":"cities_123024","n":"North Fair Oaks"},{"i":"cities_123039","n":"North Highlands"},{"i":"cities_123041","n":"North Hills"},{"i":"cities_123042","n":"North Hollywood"},{"i":"cities_123050","n":"North Lakeport"},{"i":"cities_123094","n":"North Richmond"},{"i":"cities_123117","n":"North Tustin"},{"i":"cities_123163","n":"Northridge"},{"i":"cities_123191","n":"Norwalk"},{"i":"cities_123207","n":"Novato"},{"i":"cities_123216","n":"Nuevo"},{"i":"cities_123248","n":"Oak Hills"},{"i":"cities_123257","n":"Oak Park"},{"i":"cities_123266","n":"Oak View"},{"i":"cities_123274","n":"Oakdale"},{"i":"cities_123281","n":"Oakhurst"},{"i":"cities_123293","n":"Oakland"},{"i":"cities_123298","n":"Oakley"},{"i":"cities_123313","n":"Oasis"},{"i":"cities_123321","n":"Occidental"},{"i":"cities_123341","n":"Oceano"},{"i":"cities_123344","n":"Oceanside"},{"i":"cities_123388","n":"Oildale"},{"i":"cities_123390","n":"Ojai"},{"i":"cities_123418","n":"Old Fig Garden"},{"i":"cities_123441","n":"Olivehurst"},{"i":"cities_123486","n":"Ontario"},{"i":"cities_123495","n":"Opal Cliffs"},{"i":"cities_123510","n":"Orange"},{"i":"cities_123521","n":"Orange County"},{"i":"cities_123522","n":"Orange Cove"},{"i":"cities_123530","n":"Orangevale"},{"i":"cities_123541","n":"Orcutt"},{"i":"cities_123554","n":"Orinda"},{"i":"cities_123559","n":"Orland"},{"i":"cities_123577","n":"Orosi"},{"i":"cities_123578","n":"Oroville"},{"i":"cities_123580","n":"Oroville East"},{"i":"cities_123689","n":"Oxnard"},{"i":"cities_123705","n":"Pacheco"},{"i":"cities_123710","n":"Pacific Grove"},{"i":"cities_123711","n":"Pacifica"},{"i":"cities_123729","n":"Pajaro"},{"i":"cities_123735","n":"Palermo"},{"i":"cities_123748","n":"Palm Desert"},{"i":"cities_123752","n":"Palm Springs"},{"i":"cities_123757","n":"Palmdale"},{"i":"cities_123781","n":"Palo Alto"},{"i":"cities_123783","n":"Palo Cedro"},{"i":"cities_123791","n":"Palos Verdes Estates"},{"i":"cities_123818","n":"Paradise"},{"i":"cities_123824","n":"Paramount"},{"i":"cities_123874","n":"Parksdale"},{"i":"cities_123881","n":"Parkway"},{"i":"cities_123882","n":"Parkwood"},{"i":"cities_123884","n":"Parlier"},{"i":"cities_123897","n":"Pasadena"},{"i":"cities_123899","n":"Pasatiempo"},{"i":"cities_123904","n":"Paso Robles"},{"i":"cities_123916","n":"Patterson"},{"i":"cities_123917","n":"Patterson Tract"},{"i":"cities_123983","n":"Pedley"},{"i":"cities_124024","n":"Penn Valley"},{"i":"cities_124028","n":"Penngrove"},{"i":"cities_124066","n":"Perris"},{"i":"cities_124101","n":"Petaluma"},{"i":"cities_124119","n":"Phelan"},{"i":"cities_124150","n":"Phoenix Lake"},{"i":"cities_124162","n":"Pico Rivera"},{"i":"cities_124168","n":"Piedmont"},{"i":"cities_124222","n":"Pine Grove"},{"i":"cities_124226","n":"Pine Hills"},{"i":"cities_124239","n":"Pine Mountain Club"},{"i":"cities_124246","n":"Pine Valley"},{"i":"cities_124271","n":"Pinole"},{"i":"cities_124309","n":"Piñon Hills"},{"i":"cities_124274","n":"Pioneer"},{"i":"cities_124280","n":"Piru"},{"i":"cities_124283","n":"Pismo Beach"},{"i":"cities_124294","n":"Pittsburg"},{"i":"cities_124308","n":"Pixley"},{"i":"cities_124310","n":"Placentia"},{"i":"cities_124311","n":"Placer County"},{"i":"cities_124312","n":"Placerville"},{"i":"cities_124338","n":"Planada"},{"i":"cities_124372","n":"Pleasant Hill"},{"i":"cities_124384","n":"Pleasanton"},{"i":"cities_124395","n":"Plumas County"},{"i":"cities_124396","n":"Plumas Lake"},{"i":"cities_124453","n":"Pollock Pines"},{"i":"cities_124459","n":"Pomona"},{"i":"cities_124486","n":"Poplar-Cotton Center"},{"i":"cities_124510","n":"Port Hueneme"},{"i":"cities_124556","n":"Porterville"},{"i":"cities_124566","n":"Portola"},{"i":"cities_124567","n":"Portola Hills"},{"i":"cities_124568","n":"Portola Valley"},{"i":"cities_124606","n":"Poway"},{"i":"cities_124725","n":"Prunedale"},{"i":"cities_124777","n":"Quail Valley"},{"i":"cities_124782","n":"Quartz Hill"},{"i":"cities_124799","n":"Quincy"},{"i":"cities_124823","n":"Rainbow"},{"i":"cities_124838","n":"Ramona"},{"i":"cities_124848","n":"Rancho Calaveras"},{"i":"cities_124849","n":"Rancho Cordova"},{"i":"cities_124850","n":"Rancho Cucamonga"},{"i":"cities_124851","n":"Rancho Mirage"},{"i":"cities_124852","n":"Rancho Murieta"},{"i":"cities_124853","n":"Rancho Palos Verdes"},{"i":"cities_124854","n":"Rancho Penasquitos"},{"i":"cities_124855","n":"Rancho San Diego"},{"i":"cities_124856","n":"Rancho Santa Fe"},{"i":"cities_124857","n":"Rancho Santa Margarita"},{"i":"cities_124858","n":"Rancho Tehama Reserve"},{"i":"cities_124940","n":"Red Bluff"},{"i":"cities_124945","n":"Red Corral"},{"i":"cities_124966","n":"Redding"},{"i":"cities_124976","n":"Redlands"},{"i":"cities_124980","n":"Redondo Beach"},{"i":"cities_124983","n":"Redway"},{"i":"cities_124986","n":"Redwood City"},{"i":"cities_124989","n":"Redwood Shores"},{"i":"cities_124990","n":"Redwood Valley"},{"i":"cities_124993","n":"Reedley"},{"i":"cities_125049","n":"Rialto"},{"i":"cities_125066","n":"Richgrove"},{"i":"cities_125096","n":"Richmond"},{"i":"cities_125118","n":"Ridgecrest"},{"i":"cities_125127","n":"Ridgemark"},{"i":"cities_125151","n":"Rio Del Mar"},{"i":"cities_125152","n":"Rio Dell"},{"i":"cities_125157","n":"Rio Linda"},{"i":"cities_125161","n":"Rio Vista"},{"i":"cities_125168","n":"Ripon"},{"i":"cities_125190","n":"Riverbank"},{"i":"cities_125196","n":"Riverdale"},{"i":"cities_125199","n":"Riverdale Park"},{"i":"cities_125209","n":"Riverside"},{"i":"cities_125210","n":"Riverside County"},{"i":"cities_125313","n":"Rocklin"},{"i":"cities_125341","n":"Rodeo"},{"i":"cities_125358","n":"Rohnert Park"},{"i":"cities_125366","n":"Rolling Hills"},{"i":"cities_125367","n":"Rolling Hills Estates"},{"i":"cities_125370","n":"Rollingwood"},{"i":"cities_125384","n":"Romoland"},{"i":"cities_125397","n":"Rosamond"},{"i":"cities_125419","n":"Rosedale"},{"i":"cities_125424","n":"Roseland"},{"i":"cities_125429","n":"Rosemead"},{"i":"cities_125431","n":"Rosemont"},{"i":"cities_125441","n":"Roseville"},{"i":"cities_125451","n":"Ross"},{"i":"cities_125455","n":"Rossmoor"},{"i":"cities_125480","n":"Rowland Heights"},{"i":"cities_125501","n":"Rubidoux"},{"i":"cities_125514","n":"Running Springs"},{"i":"cities_125577","n":"Sacramento"},{"i":"cities_125578","n":"Sacramento County"},{"i":"cities_125647","n":"Saint Helena"},{"i":"cities_125742","n":"Salida"},{"i":"cities_125747","n":"Salinas"},{"i":"cities_125770","n":"Salton City"},{"i":"cities_125783","n":"San Andreas"},{"i":"cities_125785","n":"San Anselmo"},{"i":"cities_125788","n":"San Antonio Heights"},{"i":"cities_125792","n":"San Benito County"},{"i":"cities_125793","n":"San Bernardino"},{"i":"cities_125794","n":"San Bernardino County"},{"i":"cities_125795","n":"San Bruno"},{"i":"cities_125798","n":"San Carlos"},{"i":"cities_125800","n":"San Clemente"},{"i":"cities_125802","n":"San Diego"},{"i":"cities_125803","n":"San Diego Country Estates"},{"i":"cities_125804","n":"San Diego County"},{"i":"cities_125805","n":"San Dimas"},{"i":"cities_125808","n":"San Fernando"},{"i":"cities_125809","n":"San Francisco"},{"i":"cities_125810","n":"San Gabriel"},{"i":"cities_125811","n":"San Jacinto"},{"i":"cities_125813","n":"San Joaquin"},{"i":"cities_125814","n":"San Joaquin County"},{"i":"cities_125815","n":"San Joaquin Hills"},{"i":"cities_125816","n":"San Jose"},{"i":"cities_125818","n":"San Juan Bautista"},{"i":"cities_125819","n":"San Juan Capistrano"},{"i":"cities_125824","n":"San Leandro"},{"i":"cities_125826","n":"San Lorenzo"},{"i":"cities_125829","n":"San Luis Obispo"},{"i":"cities_125830","n":"San Luis Obispo County"},{"i":"cities_125833","n":"San Marcos"},{"i":"cities_125834","n":"San Marino"},{"i":"cities_125835","n":"San Martin"},{"i":"cities_125836","n":"San Mateo"},{"i":"cities_125837","n":"San Mateo County"},{"i":"cities_125838","n":"San Miguel"},{"i":"cities_125842","n":"San Pablo"},{"i":"cities_125843","n":"San Pasqual"},{"i":"cities_125845","n":"San Pedro"},{"i":"cities_125846","n":"San Rafael"},{"i":"cities_125847","n":"San Ramon"},{"i":"cities_125892","n":"Sanger"},{"i":"cities_125899","n":"Santa Ana"},{"i":"cities_125901","n":"Santa Barbara"},{"i":"cities_125902","n":"Santa Barbara County"},{"i":"cities_125903","n":"Santa Clara"},{"i":"cities_125906","n":"Santa Clara County"},{"i":"cities_125908","n":"Santa Clarita"},{"i":"cities_125910","n":"Santa Cruz"},{"i":"cities_125912","n":"Santa Cruz County"},{"i":"cities_125916","n":"Santa Fe Springs"},{"i":"cities_125917","n":"Santa Margarita"},{"i":"cities_125918","n":"Santa Maria"},{"i":"cities_125919","n":"Santa Monica"},{"i":"cities_125920","n":"Santa Paula"},{"i":"cities_125922","n":"Santa Rosa"},{"i":"cities_125925","n":"Santa Susana"},{"i":"cities_125927","n":"Santa Venetia"},{"i":"cities_125928","n":"Santa Ynez"},{"i":"cities_125930","n":"Santee"},{"i":"cities_125937","n":"Saranap"},{"i":"cities_125941","n":"Saratoga"},{"i":"cities_125956","n":"Saticoy"},{"i":"cities_125970","n":"Sausalito"},{"i":"cities_126059","n":"Scotts Valley"},{"i":"cities_126075","n":"Sea Ranch"},{"i":"cities_126083","n":"Seacliff"},{"i":"cities_126090","n":"Seal Beach"},{"i":"cities_126095","n":"Searles Valley"},{"i":"cities_126099","n":"Seaside"},{"i":"cities_126108","n":"Sebastopol"},{"i":"cities_126116","n":"Sedco Hills"},{"i":"cities_126124","n":"Seeley"},{"i":"cities_126141","n":"Selma"},{"i":"cities_126176","n":"Seven Trees"},{"i":"cities_126198","n":"Shackelford"},{"i":"cities_126202","n":"Shadow Hills"},{"i":"cities_126210","n":"Shafter"},{"i":"cities_126217","n":"Shandon"},{"i":"cities_126238","n":"Shasta"},{"i":"cities_126239","n":"Shasta County"},{"i":"cities_126240","n":"Shasta Lake"},{"i":"cities_126321","n":"Sheridan"},{"i":"cities_126336","n":"Sherman Oaks"},{"i":"cities_126351","n":"Shingle Springs"},{"i":"cities_126353","n":"Shingletown"},{"i":"cities_126402","n":"Sierra County"},{"i":"cities_126404","n":"Sierra Madre"},{"i":"cities_126411","n":"Signal Hill"},{"i":"cities_126431","n":"Silver Lake"},{"i":"cities_126432","n":"Silver Lakes"},{"i":"cities_126445","n":"Simi Valley"},{"i":"cities_126465","n":"Siskiyou County"},{"i":"cities_126486","n":"Sky Valley"},{"i":"cities_126499","n":"Sleepy Hollow"},{"i":"cities_126561","n":"Soda Bay"},{"i":"cities_126565","n":"Solana Beach"},{"i":"cities_126566","n":"Solano County"},{"i":"cities_126568","n":"Soledad"},{"i":"cities_126572","n":"Solvang"},{"i":"cities_126598","n":"Sonoma"},{"i":"cities_126599","n":"Sonoma County"},{"i":"cities_126600","n":"Sonora"},{"i":"cities_126604","n":"Soquel"},{"i":"cities_126606","n":"Sorrento Valley"},{"i":"cities_126608","n":"Soulsbyville"},{"i":"cities_126648","n":"South Dos Palos"},{"i":"cities_126650","n":"South El Monte"},{"i":"cities_126659","n":"South Gate"},{"i":"cities_126684","n":"South Lake Tahoe"},{"i":"cities_126699","n":"South Oroville"},{"i":"cities_126706","n":"South Pasadena"},{"i":"cities_126723","n":"South San Francisco"},{"i":"cities_126724","n":"South San Gabriel"},{"i":"cities_126725","n":"South San Jose Hills"},{"i":"cities_126733","n":"South Taft"},{"i":"cities_126748","n":"South Whittier"},{"i":"cities_126756","n":"South Yuba City"},{"i":"cities_126880","n":"Spring Valley"},{"i":"cities_126882","n":"Spring Valley Lake"},{"i":"cities_126924","n":"Squaw Valley"},{"i":"cities_126941","n":"Stallion Springs"},{"i":"cities_126954","n":"Stanford"},{"i":"cities_126957","n":"Stanislaus County"},{"i":"cities_126969","n":"Stanton"},{"i":"cities_127046","n":"Stevenson Ranch"},{"i":"cities_127074","n":"Stockton"},{"i":"cities_127127","n":"Stratford"},{"i":"cities_127131","n":"Strathmore"},{"i":"cities_127133","n":"Strawberry"},{"i":"cities_127146","n":"Studio City"},{"i":"cities_127177","n":"Suisun"},{"i":"cities_127204","n":"Summerland"},{"i":"cities_127233","n":"Sun City"},{"i":"cities_127243","n":"Sun Village"},{"i":"cities_127253","n":"Sunland"},{"i":"cities_127259","n":"Sunnyside"},{"i":"cities_127261","n":"Sunnyside-Tahoe City"},{"i":"cities_127262","n":"Sunnyslope"},{"i":"cities_127265","n":"Sunnyvale"},{"i":"cities_127296","n":"Susanville"},{"i":"cities_127308","n":"Sutter"},{"i":"cities_127309","n":"Sutter County"},{"i":"cities_127310","n":"Sutter Creek"},{"i":"cities_127373","n":"Taft"},{"i":"cities_127374","n":"Taft Heights"},{"i":"cities_127375","n":"Taft Mosswood"},{"i":"cities_127378","n":"Tahoe Vista"},{"i":"cities_127380","n":"Tahoma"},{"i":"cities_127397","n":"Talmage"},{"i":"cities_127402","n":"Tamalpais Valley"},{"i":"cities_127403","n":"Tamalpais-Homestead Valley"},{"i":"cities_127427","n":"Tara Hills"},{"i":"cities_127432","n":"Tarpey Village"},{"i":"cities_127483","n":"Tehachapi"},{"i":"cities_127484","n":"Tehama County"},{"i":"cities_127492","n":"Temecula"},{"i":"cities_127493","n":"Temelec"},{"i":"cities_127501","n":"Temple City"},{"i":"cities_127505","n":"Templeton"},{"i":"cities_127515","n":"Terra Bella"},{"i":"cities_127541","n":"Teviston"},{"i":"cities_127570","n":"Thermal"},{"i":"cities_127571","n":"Thermalito"},{"i":"cities_127604","n":"Thornton"},{"i":"cities_127609","n":"Thousand Oaks"},{"i":"cities_127610","n":"Thousand Palms"},{"i":"cities_127620","n":"Three Rivers"},{"i":"cities_127632","n":"Tiburon"},{"i":"cities_127637","n":"Tierra Buena"},{"i":"cities_127678","n":"Tipton"},{"i":"cities_127730","n":"Topanga"},{"i":"cities_127741","n":"Toro Canyon"},{"i":"cities_127742","n":"Torrance"},{"i":"cities_127769","n":"Trabuco Canyon"},{"i":"cities_127771","n":"Tracy"},{"i":"cities_127829","n":"Trinity County"},{"i":"cities_127853","n":"Truckee"},{"i":"cities_127878","n":"Tujunga"},{"i":"cities_127882","n":"Tulare"},{"i":"cities_127883","n":"Tulare County"},{"i":"cities_127895","n":"Tuolumne City"},{"i":"cities_127896","n":"Tuolumne County"},{"i":"cities_127900","n":"Turlock"},{"i":"cities_127917","n":"Tustin"},{"i":"cities_127920","n":"Twain Harte"},{"i":"cities_127921","n":"Twentynine Palms"},{"i":"cities_127930","n":"Twin Lakes"},{"i":"cities_127958","n":"Ukiah"},{"i":"cities_127987","n":"Union City"},{"i":"cities_128023","n":"Universal City"},{"i":"cities_128039","n":"Upland"},{"i":"cities_128045","n":"Upper Lake"},{"i":"cities_128072","n":"Vacaville"},{"i":"cities_128078","n":"Val Verde"},{"i":"cities_128087","n":"Valencia"},{"i":"cities_128093","n":"Valinda"},{"i":"cities_128094","n":"Valle Vista"},{"i":"cities_128096","n":"Vallejo"},{"i":"cities_128100","n":"Valley Center"},{"i":"cities_128109","n":"Valley Glen"},{"i":"cities_128115","n":"Valley Springs"},{"i":"cities_128137","n":"Van Nuys"},{"i":"cities_128147","n":"Vandenberg Air Force Base"},{"i":"cities_128148","n":"Vandenberg Village"},{"i":"cities_128172","n":"Venice"},{"i":"cities_128175","n":"Ventura"},{"i":"cities_128176","n":"Ventura County"},{"i":"cities_128224","n":"Victorville"},{"i":"cities_128238","n":"View Park-Windsor Hills"},{"i":"cities_128244","n":"Villa Park"},{"i":"cities_128265","n":"Vincent"},{"i":"cities_128269","n":"Vine Hill"},{"i":"cities_128273","n":"Vineyard"},{"i":"cities_128293","n":"Visalia"},{"i":"cities_128294","n":"Visitacion Valley"},{"i":"cities_128295","n":"Vista"},{"i":"cities_128297","n":"Vista Santa Rosa"},{"i":"cities_128374","n":"Waldon"},{"i":"cities_128414","n":"Walnut"},{"i":"cities_128416","n":"Walnut Creek"},{"i":"cities_128419","n":"Walnut Grove"},{"i":"cities_128422","n":"Walnut Park"},{"i":"cities_128528","n":"Wasco"},{"i":"cities_128609","n":"Waterford"},{"i":"cities_128641","n":"Watsonville"},{"i":"cities_128723","n":"Weaverville"},{"i":"cities_128751","n":"Weed"},{"i":"cities_128752","n":"Weedpatch"},{"i":"cities_128770","n":"Weldon"},{"i":"cities_128818","n":"West Athens"},{"i":"cities_128826","n":"West Bishop"},{"i":"cities_128842","n":"West Carson"},{"i":"cities_128853","n":"West Covina"},{"i":"cities_128897","n":"West Hills"},{"i":"cities_128899","n":"West Hollywood"},{"i":"cities_128929","n":"West Menlo Park"},{"i":"cities_128934","n":"West Modesto"},{"i":"cities_128950","n":"West Park"},{"i":"cities_128964","n":"West Puente Valley"},{"i":"cities_128966","n":"West Rancho Dominguez"},{"i":"cities_128971","n":"West Sacramento"},{"i":"cities_129005","n":"West Whittier-Los Nietos"},{"i":"cities_129037","n":"Westhaven-Moonstone"},{"i":"cities_129040","n":"Westlake Village"},{"i":"cities_129048","n":"Westminster"},{"i":"cities_129051","n":"Westmont"},{"i":"cities_129057","n":"Westmorland"},{"i":"cities_129087","n":"Westwood"},{"i":"cities_129108","n":"Wheatland"},{"i":"cities_129210","n":"Whittier"},{"i":"cities_129235","n":"Wildomar"},{"i":"cities_129261","n":"Williams"},{"i":"cities_129302","n":"Willits"},{"i":"cities_129305","n":"Willow Creek"},{"i":"cities_129315","n":"Willowbrook"},{"i":"cities_129316","n":"Willows"},{"i":"cities_129346","n":"Wilton"},{"i":"cities_129360","n":"Winchester"},{"i":"cities_129386","n":"Windsor"},{"i":"cities_129439","n":"Winter Gardens"},{"i":"cities_129445","n":"Winters"},{"i":"cities_129454","n":"Winton"},{"i":"cities_129467","n":"Wofford Heights"},{"i":"cities_129493","n":"Woodacre"},{"i":"cities_129502","n":"Woodbridge"},{"i":"cities_129516","n":"Woodcrest"},{"i":"cities_129524","n":"Woodlake"},{"i":"cities_129526","n":"Woodland"},{"i":"cities_129530","n":"Woodland Hills"},{"i":"cities_129556","n":"Woodside"},{"i":"cities_129574","n":"Woodville"},{"i":"cities_129617","n":"Wrightwood"},{"i":"cities_129686","n":"Yolo County"},{"i":"cities_129689","n":"Yorba Linda"},{"i":"cities_129711","n":"Yosemite Lakes"},{"i":"cities_129712","n":"Yosemite Valley"},{"i":"cities_129723","n":"Yountville"},{"i":"cities_129725","n":"Yreka"},{"i":"cities_129726","n":"Yuba City"},{"i":"cities_129727","n":"Yuba County"},{"i":"cities_129728","n":"Yucaipa"},{"i":"cities_129729","n":"Yucca Valley"}]